anio,pais,combustible,continente,Idanio,Idpais,Idcombustible,Idcontinente
2001,Afghanistan,Biomass,Asia,d0fb963ff976f9c37fc81fe03c21ea7b,6e9767f4f15357401b148b9a8ced14ef,57a34c10edc9db4cc4fbfc06367285f8,154a67340e8c14dd5253dc4ff6120197
2002,Albania,Coal,Europe,4ba29b9f9e5732ed33761840f4ba6c53,c420ddff824a5c0eec70dd23d62496bc,ff8cfc4e6a79e6514be2533a5f5506ad,912d59cdf1d3f551fae21f6f0062258f
2003,Algeria,Cogeneration,Africa,a591024321c5e2bdbd23ed35f0574dde,575b9408b6daa2ddcefbcf6d81c9b4c9,be8c640ab7313b88c232af9328ebf5a8,f5cd262901883dff68d06b215fb0f28e
2004,American Samoa,Gas,Oceania,b8b4b727d6f5d1b61fff7be687f7970f,b86f99753a08d00fa3ca946d07ecac29,635459702f9817de29e608fa3395637c,2d8836190888267b97ce332cad2aa247
2005,Angola,Geothermal,nan,d47268e9db2e9aa3827bba3afb7ff94a,232bf11cb81bcdb269f76a08fde8b947,3f3f7ddaa26a792f9707f4de5f077cf3,a3d2de7675556553a5f08e4c88d2c228
2006,Antarctica,Hydro,North America,ea5a486c712a91e48443cd802642223d,44b439ba9975f8e802b456777c54a854,d39272062cb0972db88531c24f5cc664,5ffec2d87ab548202f8b549af380913a
2007,Antigua and Barbuda,Nuclear,South America,a00e5eb0973d24649a4a920fc53d9564,f7e68bf0791888ebcd5bfc62e022aa83,c49e6d739a7a7356e88aa84503666ee9,aab422acb3d2334a6deca0e1495745c2
2008,Argentina,Oil,None,ef8446f35513a8d6aa2308357a268a7e,3536be57ce0713954e454ae6c53ec023,2e69df5961f20aee0897cf1905156344,6adf97f83acf6453d4a6a4b1070f3754
2009,Armenia,Other,None,f1981e4bd8a0d6d8462016d2fc6276b3,a00c273f0f497484093fa94865cf5ca5,6311ae17c1ee52b36e68aaf4ad066387,6adf97f83acf6453d4a6a4b1070f3754
2010,Aruba,Petcoke,None,d7a84628c025d30f7b2c52c958767e76,4893b64051cf425047ddd8606dae25f4,35da6b9bd3f02f14357449b47dadb6ed,6adf97f83acf6453d4a6a4b1070f3754
2011,Australia,Solar,None,c8758b517083196f05ac29810b924aca,4442e4af0916f53a07fb8ca9a49b98ed,352ccd39c4ed093da3690db82cca8ca0,6adf97f83acf6453d4a6a4b1070f3754
2012,Austria,Storage,None,253614bbac999b38b5b60cae531c4969,9891739094756d2605946c867b32ad28,8c4aa541ee911e8d80451ef8cc304806,6adf97f83acf6453d4a6a4b1070f3754
2013,Azerbaijan,Waste,None,8038da89e49ac5eabb489cfc6cea9fc1,7176f8c3bccfdf02322c73f7a0bc9688,977fe39d1cc13e3e5e6abec301be214d,6adf97f83acf6453d4a6a4b1070f3754
2014,Bahrain,Wave and Tidal,None,cee8d6b7ce52554fd70354e37bbf44a2,6ddecd8ccd9f648d19dc02c7a566cb4f,b952d82acacbc93b7fdbb2f2bade7330,6adf97f83acf6453d4a6a4b1070f3754
2015,Bangladesh,Wind,None,65d2ea03425887a717c435081cfc5dbb,f78a77f631d275aac6a914a17fe1b885,52258b9eda406898436077f22a2ed11f,6adf97f83acf6453d4a6a4b1070f3754
2016,Barbados,all_energy_types,None,95192c98732387165bf8e396c0f2dad2,3214c0f21d200a1dae4eb83a53ec2730,f81a0ddb0245394613b95b376198e117,6adf97f83acf6453d4a6a4b1070f3754
2017,Belarus,natural_gas,None,8d8818c8e140c64c743113f563cf750f,6542f875eaa09a5c550e5f3986400ad9,acd3d2b904d70175b3dd32987fcebf5c,6adf97f83acf6453d4a6a4b1070f3754
2018,Belgium,petroleum_n_other_liquids,None,84ddfb34126fc3a48ee38d7044e87276,6c1674d14bf5f95742f572cddb0641a7,afbecb8d40716c94dce3f370f51bff65,6adf97f83acf6453d4a6a4b1070f3754
2019,Belize,nuclear,None,ea6b2efbdd4255a9f1b3bbc6399b58f4,20bca6785240fa722edb5c85d055a93d,3dc183cf4b0ea0778a1819994ad6cf25,6adf97f83acf6453d4a6a4b1070f3754
2020,Benin,renewables_n_other,None,7b7a53e239400a13bd6be6c91c4f6c4e,9e7002d53d4db7bfad4f5cf419b0c126,91d7aa27dfe16963b58207c1a31d5e91,6adf97f83acf6453d4a6a4b1070f3754
2021,Bermuda,None,None,05a5cf06982ba7892ed2a6d38fe832d6,6653bea16d7ac8a266d752e9a0176c4f,6adf97f83acf6453d4a6a4b1070f3754,6adf97f83acf6453d4a6a4b1070f3754
1998,Bhutan,None,None,c5b2cebf15b205503560c4e8e6d1ea78,e65a0ed0e39dd14a9e5af441efb09b37,6adf97f83acf6453d4a6a4b1070f3754,6adf97f83acf6453d4a6a4b1070f3754
1999,Bolivia,None,None,5ec829debe54b19a5f78d9a65b900a39,28aaafc355915903ce4a7e1d3af3bc4e,6adf97f83acf6453d4a6a4b1070f3754,6adf97f83acf6453d4a6a4b1070f3754
2000,Bosnia and Herzegovina,None,None,08f90c1a417155361a5c4b8d297e0d78,96a6dd711874d4323dc2d3f932bd2ed3,6adf97f83acf6453d4a6a4b1070f3754,6adf97f83acf6453d4a6a4b1070f3754
1959,Botswana,None,None,e4dd5528f7596dcdf871aa55cfccc53c,6cd50fb3091b0a9d3c1ac2cf52441390,6adf97f83acf6453d4a6a4b1070f3754,6adf97f83acf6453d4a6a4b1070f3754
1960,Brazil,None,None,7f16109f1619fd7a733daf5a84c708c1,42537f0fb56e31e20ab9c2305752087d,6adf97f83acf6453d4a6a4b1070f3754,6adf97f83acf6453d4a6a4b1070f3754
1961,British Virgin Islands,None,None,f106b7f99d2cb30c3db1c3cc0fde9ccb,ce3cad16af3a29a7f6367ffb97744fb4,6adf97f83acf6453d4a6a4b1070f3754,6adf97f83acf6453d4a6a4b1070f3754
1962,Brunei,None,None,95f6870ff3dcd442254e334a9033d349,d3f5841f04ba23bb90e1b9f4256cea70,6adf97f83acf6453d4a6a4b1070f3754,6adf97f83acf6453d4a6a4b1070f3754
1963,Bulgaria,None,None,c215b446bcdf956d848a8419c1b5a920,01a151debf2bfee8906f43f4342eb10b,6adf97f83acf6453d4a6a4b1070f3754,6adf97f83acf6453d4a6a4b1070f3754
1964,Burkina Faso,None,None,39dcaf7a053dc372fbc391d4e6b5d693,28814f84db09b59b95f863b9c143c3a9,6adf97f83acf6453d4a6a4b1070f3754,6adf97f83acf6453d4a6a4b1070f3754
1965,Burundi,None,None,d46e1fcf4c07ce4a69ee07e4134bcef1,28765464efe1b6583610335965b4d75a,6adf97f83acf6453d4a6a4b1070f3754,6adf97f83acf6453d4a6a4b1070f3754
1966,Cabo Verde,None,None,3683af9d6f6c06acee72992f2977f67e,6764a88bc22b8239d23d159043c6b806,6adf97f83acf6453d4a6a4b1070f3754,6adf97f83acf6453d4a6a4b1070f3754
1967,Cambodia,None,None,a82d922b133be19c1171534e6594f754,06c7a3c3a3344a62864b951aec4df830,6adf97f83acf6453d4a6a4b1070f3754,6adf97f83acf6453d4a6a4b1070f3754
1968,Cameroon,None,None,98c7242894844ecd6ec94af67ac8247d,4be25f9d27da71d4e98775668b5b12af,6adf97f83acf6453d4a6a4b1070f3754,6adf97f83acf6453d4a6a4b1070f3754
1969,Canada,None,None,4d8556695c262ab91ff51a943fdd6058,445d337b5cd5de476f99333df6b0c2a7,6adf97f83acf6453d4a6a4b1070f3754,6adf97f83acf6453d4a6a4b1070f3754
1970,Cayman Islands,None,None,0004d0b59e19461ff126e3a08a814c33,6802039d41676bdd09823704b0b9ba92,6adf97f83acf6453d4a6a4b1070f3754,6adf97f83acf6453d4a6a4b1070f3754
1971,Central African Republic,None,None,de73998802680548b916f1947ffbad76,aa293d284f52b08da5ba7fe7792fe9c3,6adf97f83acf6453d4a6a4b1070f3754,6adf97f83acf6453d4a6a4b1070f3754
1972,Chad,None,None,c4de8ced6214345614d33fb0b16a8acd,e03653dedd6f4e142f4aca131995964f,6adf97f83acf6453d4a6a4b1070f3754,6adf97f83acf6453d4a6a4b1070f3754
1973,Chile,None,None,deb54ffb41e085fd7f69a75b6359c989,2e6507f70a9cc26fb50f5fd82a83c7ef,6adf97f83acf6453d4a6a4b1070f3754,6adf97f83acf6453d4a6a4b1070f3754
1974,China,None,None,3d863b367aa379f71c7afc0c9cdca41d,ae54a5c026f31ada088992587d92cb3a,6adf97f83acf6453d4a6a4b1070f3754,6adf97f83acf6453d4a6a4b1070f3754
1975,Colombia,None,None,7d2b92b6726c241134dae6cd3fb8c182,ef3388cc5659bccb742fb8af762f1bfd,6adf97f83acf6453d4a6a4b1070f3754,6adf97f83acf6453d4a6a4b1070f3754
1976,Comoros,None,None,dd055f53a45702fe05e449c30ac80df9,4234d1794dd33c1b6ed975eab5148040,6adf97f83acf6453d4a6a4b1070f3754,6adf97f83acf6453d4a6a4b1070f3754
1977,Cook Islands,None,None,4afd521d77158e02aed37e2274b90c9c,4cddaf95370d849a891c1c6eb5c63243,6adf97f83acf6453d4a6a4b1070f3754,6adf97f83acf6453d4a6a4b1070f3754
1978,Costa Rica,None,None,405e28906322882c5be9b4b27f4c35fd,5882b568d8a010ef48a6896f53b6eddb,6adf97f83acf6453d4a6a4b1070f3754,6adf97f83acf6453d4a6a4b1070f3754
1979,Croatia,None,None,798cebccb32617ad94123450fd137104,560d4c6ff431c86546f3fcec72c748c7,6adf97f83acf6453d4a6a4b1070f3754,6adf97f83acf6453d4a6a4b1070f3754
1980,Cuba,None,None,f80bf05527157a8c2a7bb63b22f49aaa,33cac763789c407f405b2cf0dce7df89,6adf97f83acf6453d4a6a4b1070f3754,6adf97f83acf6453d4a6a4b1070f3754
1981,Cyprus,None,None,b3b4d2dbedc99fe843fd3dedb02f086f,ea2ba3f8011e19e3101ce65fdcefbcc4,6adf97f83acf6453d4a6a4b1070f3754,6adf97f83acf6453d4a6a4b1070f3754
1982,Czech Republic,None,None,fb87582825f9d28a8d42c5e5e5e8b23d,51802d8bb965d0e5be697f07d16922e8,6adf97f83acf6453d4a6a4b1070f3754,6adf97f83acf6453d4a6a4b1070f3754
1983,Denmark,None,None,1e4d36177d71bbb3558e43af9577d70e,424214945ba5615eca039bfe5d731c09,6adf97f83acf6453d4a6a4b1070f3754,6adf97f83acf6453d4a6a4b1070f3754
1984,Djibouti,None,None,1b36ea1c9b7a1c3ad668b8bb5df7963f,902f92c09660b797958acb27421fd9ac,6adf97f83acf6453d4a6a4b1070f3754,6adf97f83acf6453d4a6a4b1070f3754
1985,Dominica,None,None,1f36c15d6a3d18d52e8d493bc8187cb9,531c552093668f148d3c826fca6e3cc8,6adf97f83acf6453d4a6a4b1070f3754,6adf97f83acf6453d4a6a4b1070f3754
1986,Dominican Republic,None,None,8c249675aea6c3cbd91661bbae767ff1,662c15622f9c9c5decc0db80edb6c416,6adf97f83acf6453d4a6a4b1070f3754,6adf97f83acf6453d4a6a4b1070f3754
1987,Ecuador,None,None,d68a18275455ae3eaa2c291eebb46e6d,4d5d85af33ec2aaedb674d2d6a7d53b6,6adf97f83acf6453d4a6a4b1070f3754,6adf97f83acf6453d4a6a4b1070f3754
1988,Egypt,None,None,9d7311ba459f9e45ed746755a32dcd11,e31959fe2842dacea4d16d36e9813620,6adf97f83acf6453d4a6a4b1070f3754,6adf97f83acf6453d4a6a4b1070f3754
1989,El Salvador,None,None,4a3e00961a08879c34f91ca0070ea2f5,e96d24bdfc024e04f49f1f0cc011ca20,6adf97f83acf6453d4a6a4b1070f3754,6adf97f83acf6453d4a6a4b1070f3754
1990,Equatorial Guinea,None,None,dc513ea4fbdaa7a14786ffdebc4ef64e,a38c2761908be5cef4a98ef5b3402ac9,6adf97f83acf6453d4a6a4b1070f3754,6adf97f83acf6453d4a6a4b1070f3754
1991,Eritrea,None,None,96055f5b06bf9381ac43879351642cf5,c9c9f116f74ac9d7e60dc415523dfeff,6adf97f83acf6453d4a6a4b1070f3754,6adf97f83acf6453d4a6a4b1070f3754
1992,Estonia,None,None,d5c186983b52c4551ee00f72316c6eaa,7755415a9fe7022060b98a689236ccd2,6adf97f83acf6453d4a6a4b1070f3754,6adf97f83acf6453d4a6a4b1070f3754
1993,Eswatini,None,None,c5a4e7e6882845ea7bb4d9462868219b,5b6c44e2e66685a59e42673eff6d5f17,6adf97f83acf6453d4a6a4b1070f3754,6adf97f83acf6453d4a6a4b1070f3754
1994,Ethiopia,None,None,008bd5ad93b754d500338c253d9c1770,e299d7cb0f7866cce7d90da2af14047c,6adf97f83acf6453d4a6a4b1070f3754,6adf97f83acf6453d4a6a4b1070f3754
1995,Falkland Islands,None,None,3f088ebeda03513be71d34d214291986,1ea2b56dea4f434aa77e6369deef076a,6adf97f83acf6453d4a6a4b1070f3754,6adf97f83acf6453d4a6a4b1070f3754
1996,Faroe Islands,None,None,6351bf9dce654515bf1ddbd6426dfa97,76b88e7899abb3bfdd4b55b8c52726b0,6adf97f83acf6453d4a6a4b1070f3754,6adf97f83acf6453d4a6a4b1070f3754
1997,Fiji,None,None,06964dce9addb1c5cb5d6e3d9838f733,55b0c4d4efa00b59643b2e6a6e7c18c0,6adf97f83acf6453d4a6a4b1070f3754,6adf97f83acf6453d4a6a4b1070f3754
None,Finland,None,None,6adf97f83acf6453d4a6a4b1070f3754,6f781c6559a0c605da918096bdb69edf,6adf97f83acf6453d4a6a4b1070f3754,6adf97f83acf6453d4a6a4b1070f3754
None,France,None,None,6adf97f83acf6453d4a6a4b1070f3754,0309a6c666a7a803fdb9db95de71cf01,6adf97f83acf6453d4a6a4b1070f3754,6adf97f83acf6453d4a6a4b1070f3754
None,French Guiana,None,None,6adf97f83acf6453d4a6a4b1070f3754,1cab30fe45c3aee88dc7bc9f907cd239,6adf97f83acf6453d4a6a4b1070f3754,6adf97f83acf6453d4a6a4b1070f3754
None,French Polynesia,None,None,6adf97f83acf6453d4a6a4b1070f3754,8e49db69269b7f99afa25722e87fa67e,6adf97f83acf6453d4a6a4b1070f3754,6adf97f83acf6453d4a6a4b1070f3754
None,Gabon,None,None,6adf97f83acf6453d4a6a4b1070f3754,fceb5af40df295d85851f390f4f8d78d,6adf97f83acf6453d4a6a4b1070f3754,6adf97f83acf6453d4a6a4b1070f3754
None,Georgia,None,None,6adf97f83acf6453d4a6a4b1070f3754,eada819634d0164c6a7547bdcc405033,6adf97f83acf6453d4a6a4b1070f3754,6adf97f83acf6453d4a6a4b1070f3754
None,Germany,None,None,6adf97f83acf6453d4a6a4b1070f3754,d8b00929dec65d422303256336ada04f,6adf97f83acf6453d4a6a4b1070f3754,6adf97f83acf6453d4a6a4b1070f3754
None,Ghana,None,None,6adf97f83acf6453d4a6a4b1070f3754,e7400496f1ce70cb62c2c44ca2ddc469,6adf97f83acf6453d4a6a4b1070f3754,6adf97f83acf6453d4a6a4b1070f3754
None,Gibraltar,None,None,6adf97f83acf6453d4a6a4b1070f3754,672566a43483aa8212cb365658600b99,6adf97f83acf6453d4a6a4b1070f3754,6adf97f83acf6453d4a6a4b1070f3754
None,Greece,None,None,6adf97f83acf6453d4a6a4b1070f3754,6b718641741f992e68ec3712718561b8,6adf97f83acf6453d4a6a4b1070f3754,6adf97f83acf6453d4a6a4b1070f3754
None,Greenland,None,None,6adf97f83acf6453d4a6a4b1070f3754,583eda79d32f7c1cb0840862787a73ca,6adf97f83acf6453d4a6a4b1070f3754,6adf97f83acf6453d4a6a4b1070f3754
None,Grenada,None,None,6adf97f83acf6453d4a6a4b1070f3754,45b1cb9a558807139085c645d2f47f07,6adf97f83acf6453d4a6a4b1070f3754,6adf97f83acf6453d4a6a4b1070f3754
None,Guadeloupe,None,None,6adf97f83acf6453d4a6a4b1070f3754,0dc81c66d1c08d6ca64c7e8b60ae78fb,6adf97f83acf6453d4a6a4b1070f3754,6adf97f83acf6453d4a6a4b1070f3754
None,Guam,None,None,6adf97f83acf6453d4a6a4b1070f3754,2dc47f81fc4257e14c4d0fcd90d03b9a,6adf97f83acf6453d4a6a4b1070f3754,6adf97f83acf6453d4a6a4b1070f3754
None,Guatemala,None,None,6adf97f83acf6453d4a6a4b1070f3754,948b13d5a3e11e21baadc349e199020e,6adf97f83acf6453d4a6a4b1070f3754,6adf97f83acf6453d4a6a4b1070f3754
None,Guinea,None,None,6adf97f83acf6453d4a6a4b1070f3754,8e4d9eeed250a9d065ac2bb8bdc67b30,6adf97f83acf6453d4a6a4b1070f3754,6adf97f83acf6453d4a6a4b1070f3754
None,Guinea-Bissau,None,None,6adf97f83acf6453d4a6a4b1070f3754,2d65f5236205dd23c6a8212627568fb8,6adf97f83acf6453d4a6a4b1070f3754,6adf97f83acf6453d4a6a4b1070f3754
None,Guyana,None,None,6adf97f83acf6453d4a6a4b1070f3754,cf4c7e1169281886577940e361854a84,6adf97f83acf6453d4a6a4b1070f3754,6adf97f83acf6453d4a6a4b1070f3754
None,Haiti,None,None,6adf97f83acf6453d4a6a4b1070f3754,b88959cb7d907d91065ac7ec19eb0b44,6adf97f83acf6453d4a6a4b1070f3754,6adf97f83acf6453d4a6a4b1070f3754
None,Honduras,None,None,6adf97f83acf6453d4a6a4b1070f3754,f4270ce39e7e926052e097a0e4e63bde,6adf97f83acf6453d4a6a4b1070f3754,6adf97f83acf6453d4a6a4b1070f3754
None,Hong Kong,None,None,6adf97f83acf6453d4a6a4b1070f3754,8b476ff778119b8d49588f3daadf69a1,6adf97f83acf6453d4a6a4b1070f3754,6adf97f83acf6453d4a6a4b1070f3754
None,Hungary,None,None,6adf97f83acf6453d4a6a4b1070f3754,fa79c3005daec47ecff84a116a0927a1,6adf97f83acf6453d4a6a4b1070f3754,6adf97f83acf6453d4a6a4b1070f3754
None,Iceland,None,None,6adf97f83acf6453d4a6a4b1070f3754,b78edab0f52e0d6c195fd0d8c5709d26,6adf97f83acf6453d4a6a4b1070f3754,6adf97f83acf6453d4a6a4b1070f3754
None,India,None,None,6adf97f83acf6453d4a6a4b1070f3754,7d31e0da1ab99fe8b08a22118e2f402b,6adf97f83acf6453d4a6a4b1070f3754,6adf97f83acf6453d4a6a4b1070f3754
None,Indonesia,None,None,6adf97f83acf6453d4a6a4b1070f3754,4647d00cf81f8fb0ab80f753320d0fc9,6adf97f83acf6453d4a6a4b1070f3754,6adf97f83acf6453d4a6a4b1070f3754
None,Iran,None,None,6adf97f83acf6453d4a6a4b1070f3754,21fc68909a9eb8692e84cf64e495213e,6adf97f83acf6453d4a6a4b1070f3754,6adf97f83acf6453d4a6a4b1070f3754
None,Iraq,None,None,6adf97f83acf6453d4a6a4b1070f3754,5ae2ff99743a8487c917e98bbf3db2d3,6adf97f83acf6453d4a6a4b1070f3754,6adf97f83acf6453d4a6a4b1070f3754
None,Ireland,None,None,6adf97f83acf6453d4a6a4b1070f3754,06e415f918c577f07328a52e24f75d43,6adf97f83acf6453d4a6a4b1070f3754,6adf97f83acf6453d4a6a4b1070f3754
None,Israel,None,None,6adf97f83acf6453d4a6a4b1070f3754,5a548c2f5875f10bf5614b7c258876cf,6adf97f83acf6453d4a6a4b1070f3754,6adf97f83acf6453d4a6a4b1070f3754
None,Italy,None,None,6adf97f83acf6453d4a6a4b1070f3754,1007e1b7f894dfbf72a0eaa80f3bc57e,6adf97f83acf6453d4a6a4b1070f3754,6adf97f83acf6453d4a6a4b1070f3754
None,Jamaica,None,None,6adf97f83acf6453d4a6a4b1070f3754,1add2eb41fcae9b2a15b4a7d68571409,6adf97f83acf6453d4a6a4b1070f3754,6adf97f83acf6453d4a6a4b1070f3754
None,Japan,None,None,6adf97f83acf6453d4a6a4b1070f3754,53a577bb3bc587b0c28ab808390f1c9b,6adf97f83acf6453d4a6a4b1070f3754,6adf97f83acf6453d4a6a4b1070f3754
None,Jordan,None,None,6adf97f83acf6453d4a6a4b1070f3754,6ea1e24d60afddf388b06f8243c45b70,6adf97f83acf6453d4a6a4b1070f3754,6adf97f83acf6453d4a6a4b1070f3754
None,Kazakhstan,None,None,6adf97f83acf6453d4a6a4b1070f3754,7c1a943bf29d2c753fb935e99428482c,6adf97f83acf6453d4a6a4b1070f3754,6adf97f83acf6453d4a6a4b1070f3754
None,Kenya,None,None,6adf97f83acf6453d4a6a4b1070f3754,94984a8c4896946d9bafd24959cb6181,6adf97f83acf6453d4a6a4b1070f3754,6adf97f83acf6453d4a6a4b1070f3754
None,Kiribati,None,None,6adf97f83acf6453d4a6a4b1070f3754,5445aab1db1bff113667140ec2e95742,6adf97f83acf6453d4a6a4b1070f3754,6adf97f83acf6453d4a6a4b1070f3754
None,Kuwait,None,None,6adf97f83acf6453d4a6a4b1070f3754,05387f3ca38d7bd84ae35f31f2899ecf,6adf97f83acf6453d4a6a4b1070f3754,6adf97f83acf6453d4a6a4b1070f3754
None,Kyrgyzstan,None,None,6adf97f83acf6453d4a6a4b1070f3754,5e4a24f76c22f03700b283dfbdf6eec1,6adf97f83acf6453d4a6a4b1070f3754,6adf97f83acf6453d4a6a4b1070f3754
None,Laos,None,None,6adf97f83acf6453d4a6a4b1070f3754,601aebf4afb1db3fdb5c88f3cdda23ef,6adf97f83acf6453d4a6a4b1070f3754,6adf97f83acf6453d4a6a4b1070f3754
None,Latvia,None,None,6adf97f83acf6453d4a6a4b1070f3754,a09f4b2ae67f0a63ab8912047a1a1b55,6adf97f83acf6453d4a6a4b1070f3754,6adf97f83acf6453d4a6a4b1070f3754
None,Lebanon,None,None,6adf97f83acf6453d4a6a4b1070f3754,b45ff92cc522bb89bfc3b8ef3fc21b7d,6adf97f83acf6453d4a6a4b1070f3754,6adf97f83acf6453d4a6a4b1070f3754
None,Lesotho,None,None,6adf97f83acf6453d4a6a4b1070f3754,e99bb6b91ef51dbe4eec9340dc7c68cf,6adf97f83acf6453d4a6a4b1070f3754,6adf97f83acf6453d4a6a4b1070f3754
None,Liberia,None,None,6adf97f83acf6453d4a6a4b1070f3754,642cab67fc263bb61ae4ccbd577c8aa4,6adf97f83acf6453d4a6a4b1070f3754,6adf97f83acf6453d4a6a4b1070f3754
None,Libya,None,None,6adf97f83acf6453d4a6a4b1070f3754,742b8abe5776a6d942a92ce7dc7d84a0,6adf97f83acf6453d4a6a4b1070f3754,6adf97f83acf6453d4a6a4b1070f3754
None,Lithuania,None,None,6adf97f83acf6453d4a6a4b1070f3754,d9051e0b77f8bb5521389618e70e2ada,6adf97f83acf6453d4a6a4b1070f3754,6adf97f83acf6453d4a6a4b1070f3754
None,Luxembourg,None,None,6adf97f83acf6453d4a6a4b1070f3754,06630c890abadde9228ea818ce52b621,6adf97f83acf6453d4a6a4b1070f3754,6adf97f83acf6453d4a6a4b1070f3754
None,Macau,None,None,6adf97f83acf6453d4a6a4b1070f3754,9d6c9d893aa285a736aeabb2b66b316f,6adf97f83acf6453d4a6a4b1070f3754,6adf97f83acf6453d4a6a4b1070f3754
None,Madagascar,None,None,6adf97f83acf6453d4a6a4b1070f3754,b5bcce260d9e303ca0e63f055187ed28,6adf97f83acf6453d4a6a4b1070f3754,6adf97f83acf6453d4a6a4b1070f3754
None,Malawi,None,None,6adf97f83acf6453d4a6a4b1070f3754,70965feb0441ff7fc1982fc5c509136e,6adf97f83acf6453d4a6a4b1070f3754,6adf97f83acf6453d4a6a4b1070f3754
None,Malaysia,None,None,6adf97f83acf6453d4a6a4b1070f3754,3f0e49c46cbde0c7adf5ea04a97ab261,6adf97f83acf6453d4a6a4b1070f3754,6adf97f83acf6453d4a6a4b1070f3754
None,Maldives,None,None,6adf97f83acf6453d4a6a4b1070f3754,62235142f3fca96e1f2cd0ed4a7de48d,6adf97f83acf6453d4a6a4b1070f3754,6adf97f83acf6453d4a6a4b1070f3754
None,Mali,None,None,6adf97f83acf6453d4a6a4b1070f3754,e90c93ceb8ccdcdf3b797f47edee866d,6adf97f83acf6453d4a6a4b1070f3754,6adf97f83acf6453d4a6a4b1070f3754
None,Malta,None,None,6adf97f83acf6453d4a6a4b1070f3754,92468e8a62373add2b9caefddbcf1303,6adf97f83acf6453d4a6a4b1070f3754,6adf97f83acf6453d4a6a4b1070f3754
None,Martinique,None,None,6adf97f83acf6453d4a6a4b1070f3754,899c4b2a0d41d5b86e2dbc3b2f5380cf,6adf97f83acf6453d4a6a4b1070f3754,6adf97f83acf6453d4a6a4b1070f3754
None,Mauritania,None,None,6adf97f83acf6453d4a6a4b1070f3754,d7fe73b6846dfc672236e636aa2cf6b5,6adf97f83acf6453d4a6a4b1070f3754,6adf97f83acf6453d4a6a4b1070f3754
None,Mauritius,None,None,6adf97f83acf6453d4a6a4b1070f3754,07f3ca235faaa1c9ad16facef5526d8b,6adf97f83acf6453d4a6a4b1070f3754,6adf97f83acf6453d4a6a4b1070f3754
None,Mexico,None,None,6adf97f83acf6453d4a6a4b1070f3754,8dbb07a18d46f63d8b3c8994d5ccc351,6adf97f83acf6453d4a6a4b1070f3754,6adf97f83acf6453d4a6a4b1070f3754
None,Micronesia,None,None,6adf97f83acf6453d4a6a4b1070f3754,19a5a05a4982fef88f96039a43dbcfd8,6adf97f83acf6453d4a6a4b1070f3754,6adf97f83acf6453d4a6a4b1070f3754
None,Moldova,None,None,6adf97f83acf6453d4a6a4b1070f3754,0c12f5495afe76d9242ed25668979de9,6adf97f83acf6453d4a6a4b1070f3754,6adf97f83acf6453d4a6a4b1070f3754
None,Mongolia,None,None,6adf97f83acf6453d4a6a4b1070f3754,bb6a72b6a93150d4181e50496fc15f5a,6adf97f83acf6453d4a6a4b1070f3754,6adf97f83acf6453d4a6a4b1070f3754
None,Montenegro,None,None,6adf97f83acf6453d4a6a4b1070f3754,4e92f9d2cdf0b8eb493ae3a19709d121,6adf97f83acf6453d4a6a4b1070f3754,6adf97f83acf6453d4a6a4b1070f3754
None,Montserrat,None,None,6adf97f83acf6453d4a6a4b1070f3754,3bac87d64d97e96d0e935628a9383379,6adf97f83acf6453d4a6a4b1070f3754,6adf97f83acf6453d4a6a4b1070f3754
None,Morocco,None,None,6adf97f83acf6453d4a6a4b1070f3754,4d4a1722d8e85909a576da2c42878ff0,6adf97f83acf6453d4a6a4b1070f3754,6adf97f83acf6453d4a6a4b1070f3754
None,Mozambique,None,None,6adf97f83acf6453d4a6a4b1070f3754,a6d3bea3fa66775952e080b90bb0c4f1,6adf97f83acf6453d4a6a4b1070f3754,6adf97f83acf6453d4a6a4b1070f3754
None,Namibia,None,None,6adf97f83acf6453d4a6a4b1070f3754,69f4287626aee77f93e2c891b518838b,6adf97f83acf6453d4a6a4b1070f3754,6adf97f83acf6453d4a6a4b1070f3754
None,Nauru,None,None,6adf97f83acf6453d4a6a4b1070f3754,d0c5ab6bebe308a495693e990a2947bc,6adf97f83acf6453d4a6a4b1070f3754,6adf97f83acf6453d4a6a4b1070f3754
None,Nepal,None,None,6adf97f83acf6453d4a6a4b1070f3754,7fef6b003c726890ea5ca3708fe8ff56,6adf97f83acf6453d4a6a4b1070f3754,6adf97f83acf6453d4a6a4b1070f3754
None,Netherlands,None,None,6adf97f83acf6453d4a6a4b1070f3754,a67d4cbdd1b59e0ffccc6bafc83eb033,6adf97f83acf6453d4a6a4b1070f3754,6adf97f83acf6453d4a6a4b1070f3754
None,New Caledonia,None,None,6adf97f83acf6453d4a6a4b1070f3754,53a952d732c715fb1b34898400320751,6adf97f83acf6453d4a6a4b1070f3754,6adf97f83acf6453d4a6a4b1070f3754
None,New Zealand,None,None,6adf97f83acf6453d4a6a4b1070f3754,c51ed580ea5e20c910d951f692512b4d,6adf97f83acf6453d4a6a4b1070f3754,6adf97f83acf6453d4a6a4b1070f3754
None,Nicaragua,None,None,6adf97f83acf6453d4a6a4b1070f3754,3bfe17f6c2d1b8941df303de7aec2eb0,6adf97f83acf6453d4a6a4b1070f3754,6adf97f83acf6453d4a6a4b1070f3754
None,Niger,None,None,6adf97f83acf6453d4a6a4b1070f3754,bf2ec44b27fc25c6fd8a38792b9ef2a8,6adf97f83acf6453d4a6a4b1070f3754,6adf97f83acf6453d4a6a4b1070f3754
None,Nigeria,None,None,6adf97f83acf6453d4a6a4b1070f3754,5d839147c83e283c1d1bb705dc50586f,6adf97f83acf6453d4a6a4b1070f3754,6adf97f83acf6453d4a6a4b1070f3754
None,Niue,None,None,6adf97f83acf6453d4a6a4b1070f3754,de48fee9c7511bf7158b1e28b3d0baec,6adf97f83acf6453d4a6a4b1070f3754,6adf97f83acf6453d4a6a4b1070f3754
None,North Korea,None,None,6adf97f83acf6453d4a6a4b1070f3754,855b3780658ec33023cefc8b4e397a1d,6adf97f83acf6453d4a6a4b1070f3754,6adf97f83acf6453d4a6a4b1070f3754
None,North Macedonia,None,None,6adf97f83acf6453d4a6a4b1070f3754,e0b0caa59748528a7b1a52272e7487cd,6adf97f83acf6453d4a6a4b1070f3754,6adf97f83acf6453d4a6a4b1070f3754
None,Northern Mariana Islands,None,None,6adf97f83acf6453d4a6a4b1070f3754,d3dbf1b55f9b0c2a605046b9f14f720a,6adf97f83acf6453d4a6a4b1070f3754,6adf97f83acf6453d4a6a4b1070f3754
None,Norway,None,None,6adf97f83acf6453d4a6a4b1070f3754,d5b9290a0b67727d4ba1ca6059dc31a6,6adf97f83acf6453d4a6a4b1070f3754,6adf97f83acf6453d4a6a4b1070f3754
None,Oman,None,None,6adf97f83acf6453d4a6a4b1070f3754,1c77b9733832da9d1ffac66620f3c006,6adf97f83acf6453d4a6a4b1070f3754,6adf97f83acf6453d4a6a4b1070f3754
None,Pakistan,None,None,6adf97f83acf6453d4a6a4b1070f3754,b9698b8546220246fe600a949db326bf,6adf97f83acf6453d4a6a4b1070f3754,6adf97f83acf6453d4a6a4b1070f3754
None,Panama,None,None,6adf97f83acf6453d4a6a4b1070f3754,6bec347f256837d3539ad619bd489de7,6adf97f83acf6453d4a6a4b1070f3754,6adf97f83acf6453d4a6a4b1070f3754
None,Papua New Guinea,None,None,6adf97f83acf6453d4a6a4b1070f3754,f670d3806d530c3e5cb1f31dca457751,6adf97f83acf6453d4a6a4b1070f3754,6adf97f83acf6453d4a6a4b1070f3754
None,Paraguay,None,None,6adf97f83acf6453d4a6a4b1070f3754,73101738da81e5cbb87b64cd400a4405,6adf97f83acf6453d4a6a4b1070f3754,6adf97f83acf6453d4a6a4b1070f3754
None,Peru,None,None,6adf97f83acf6453d4a6a4b1070f3754,84c8fa2341f7d052a1ee3a36ff043798,6adf97f83acf6453d4a6a4b1070f3754,6adf97f83acf6453d4a6a4b1070f3754
None,Philippines,None,None,6adf97f83acf6453d4a6a4b1070f3754,77dab2f81a6c8c9136efba7ab2c4c0f2,6adf97f83acf6453d4a6a4b1070f3754,6adf97f83acf6453d4a6a4b1070f3754
None,Poland,None,None,6adf97f83acf6453d4a6a4b1070f3754,94880bda83bda77c5692876700711f15,6adf97f83acf6453d4a6a4b1070f3754,6adf97f83acf6453d4a6a4b1070f3754
None,Portugal,None,None,6adf97f83acf6453d4a6a4b1070f3754,ea71b362e3ea9969db085abfccdeb10d,6adf97f83acf6453d4a6a4b1070f3754,6adf97f83acf6453d4a6a4b1070f3754
None,Puerto Rico,None,None,6adf97f83acf6453d4a6a4b1070f3754,f76257271129c703d6c0442c8ac00dae,6adf97f83acf6453d4a6a4b1070f3754,6adf97f83acf6453d4a6a4b1070f3754
None,Qatar,None,None,6adf97f83acf6453d4a6a4b1070f3754,7cc7ef17c45527cf90fcf27516794d21,6adf97f83acf6453d4a6a4b1070f3754,6adf97f83acf6453d4a6a4b1070f3754
None,Romania,None,None,6adf97f83acf6453d4a6a4b1070f3754,0c7d5ae44b2a0be9ebd7d6b9f7d60f20,6adf97f83acf6453d4a6a4b1070f3754,6adf97f83acf6453d4a6a4b1070f3754
None,Russia,None,None,6adf97f83acf6453d4a6a4b1070f3754,5feb168ca8fb495dcc89b1208cdeb919,6adf97f83acf6453d4a6a4b1070f3754,6adf97f83acf6453d4a6a4b1070f3754
None,Rwanda,None,None,6adf97f83acf6453d4a6a4b1070f3754,9d7ed5d77d647e89c3cc11757d651dc2,6adf97f83acf6453d4a6a4b1070f3754,6adf97f83acf6453d4a6a4b1070f3754
None,Saint Kitts and Nevis,None,None,6adf97f83acf6453d4a6a4b1070f3754,5976169ac1852fff6f0b9095100407fc,6adf97f83acf6453d4a6a4b1070f3754,6adf97f83acf6453d4a6a4b1070f3754
None,Saint Lucia,None,None,6adf97f83acf6453d4a6a4b1070f3754,d1ef233007d706d71aa6d46642d5f804,6adf97f83acf6453d4a6a4b1070f3754,6adf97f83acf6453d4a6a4b1070f3754
None,Saint Pierre and Miquelon,None,None,6adf97f83acf6453d4a6a4b1070f3754,30ce3dcbcc38394722184a4bfd423d56,6adf97f83acf6453d4a6a4b1070f3754,6adf97f83acf6453d4a6a4b1070f3754
None,Samoa,None,None,6adf97f83acf6453d4a6a4b1070f3754,0861134397888c470803c77fb6cd2943,6adf97f83acf6453d4a6a4b1070f3754,6adf97f83acf6453d4a6a4b1070f3754
None,Sao Tome and Principe,None,None,6adf97f83acf6453d4a6a4b1070f3754,aca4f717a9933ddf7ab0ffc877d0ed48,6adf97f83acf6453d4a6a4b1070f3754,6adf97f83acf6453d4a6a4b1070f3754
None,Saudi Arabia,None,None,6adf97f83acf6453d4a6a4b1070f3754,b835b521c29f399c78124c4b59341691,6adf97f83acf6453d4a6a4b1070f3754,6adf97f83acf6453d4a6a4b1070f3754
None,Senegal,None,None,6adf97f83acf6453d4a6a4b1070f3754,9986531359550785caffb2032622437f,6adf97f83acf6453d4a6a4b1070f3754,6adf97f83acf6453d4a6a4b1070f3754
None,Serbia,None,None,6adf97f83acf6453d4a6a4b1070f3754,2ff6e535bd2f100979a171ad430e642b,6adf97f83acf6453d4a6a4b1070f3754,6adf97f83acf6453d4a6a4b1070f3754
None,Seychelles,None,None,6adf97f83acf6453d4a6a4b1070f3754,d2e4449b45608e33e472d939a73868f7,6adf97f83acf6453d4a6a4b1070f3754,6adf97f83acf6453d4a6a4b1070f3754
None,Sierra Leone,None,None,6adf97f83acf6453d4a6a4b1070f3754,97527dec0ae1a703599581d4f25dfbce,6adf97f83acf6453d4a6a4b1070f3754,6adf97f83acf6453d4a6a4b1070f3754
None,Singapore,None,None,6adf97f83acf6453d4a6a4b1070f3754,458e4cbc78201c1aec5fc53a31c59378,6adf97f83acf6453d4a6a4b1070f3754,6adf97f83acf6453d4a6a4b1070f3754
None,Slovakia,None,None,6adf97f83acf6453d4a6a4b1070f3754,88a392b5a8d8f73986d83a2deefb0472,6adf97f83acf6453d4a6a4b1070f3754,6adf97f83acf6453d4a6a4b1070f3754
None,Slovenia,None,None,6adf97f83acf6453d4a6a4b1070f3754,00247297c394dd443dc97067830c35f4,6adf97f83acf6453d4a6a4b1070f3754,6adf97f83acf6453d4a6a4b1070f3754
None,Solomon Islands,None,None,6adf97f83acf6453d4a6a4b1070f3754,a573f4ed911c3b437599818762263a0c,6adf97f83acf6453d4a6a4b1070f3754,6adf97f83acf6453d4a6a4b1070f3754
None,Somalia,None,None,6adf97f83acf6453d4a6a4b1070f3754,921855f753932de762b780405a50bdf7,6adf97f83acf6453d4a6a4b1070f3754,6adf97f83acf6453d4a6a4b1070f3754
None,South Africa,None,None,6adf97f83acf6453d4a6a4b1070f3754,c89bc418c38da77213c6c6e03cac2510,6adf97f83acf6453d4a6a4b1070f3754,6adf97f83acf6453d4a6a4b1070f3754
None,South Korea,None,None,6adf97f83acf6453d4a6a4b1070f3754,4d4803b0bb7dab1b0627e4f8277edc5b,6adf97f83acf6453d4a6a4b1070f3754,6adf97f83acf6453d4a6a4b1070f3754
None,South Sudan,None,None,6adf97f83acf6453d4a6a4b1070f3754,0a6355f86240762961997e70c5e7087d,6adf97f83acf6453d4a6a4b1070f3754,6adf97f83acf6453d4a6a4b1070f3754
None,Spain,None,None,6adf97f83acf6453d4a6a4b1070f3754,907eba32d950bfab68227fd7ea22999b,6adf97f83acf6453d4a6a4b1070f3754,6adf97f83acf6453d4a6a4b1070f3754
None,Sri Lanka,None,None,6adf97f83acf6453d4a6a4b1070f3754,ef547e2d9750443f6d203233dfa38e39,6adf97f83acf6453d4a6a4b1070f3754,6adf97f83acf6453d4a6a4b1070f3754
None,Sudan,None,None,6adf97f83acf6453d4a6a4b1070f3754,74458a3d3e5f3074226b1f9fa23c9163,6adf97f83acf6453d4a6a4b1070f3754,6adf97f83acf6453d4a6a4b1070f3754
None,Suriname,None,None,6adf97f83acf6453d4a6a4b1070f3754,64446ac025106d201779cb4bf5ab6b2e,6adf97f83acf6453d4a6a4b1070f3754,6adf97f83acf6453d4a6a4b1070f3754
None,Sweden,None,None,6adf97f83acf6453d4a6a4b1070f3754,c8f4261f9f46e6465709e17ebea7a92b,6adf97f83acf6453d4a6a4b1070f3754,6adf97f83acf6453d4a6a4b1070f3754
None,Switzerland,None,None,6adf97f83acf6453d4a6a4b1070f3754,3ad08396dc5afa78f34f548eea3c1d64,6adf97f83acf6453d4a6a4b1070f3754,6adf97f83acf6453d4a6a4b1070f3754
None,Syria,None,None,6adf97f83acf6453d4a6a4b1070f3754,465718d0a1bc8363ad01390923fad5d1,6adf97f83acf6453d4a6a4b1070f3754,6adf97f83acf6453d4a6a4b1070f3754
None,Taiwan,None,None,6adf97f83acf6453d4a6a4b1070f3754,551fe18ef47d4e6e9d943b9a68ada21d,6adf97f83acf6453d4a6a4b1070f3754,6adf97f83acf6453d4a6a4b1070f3754
None,Tajikistan,None,None,6adf97f83acf6453d4a6a4b1070f3754,b5a9722262bbb7a7449ebc0f4394c901,6adf97f83acf6453d4a6a4b1070f3754,6adf97f83acf6453d4a6a4b1070f3754
None,Tanzania,None,None,6adf97f83acf6453d4a6a4b1070f3754,c03b1123e45fa00da3142e0424ee5eec,6adf97f83acf6453d4a6a4b1070f3754,6adf97f83acf6453d4a6a4b1070f3754
None,Thailand,None,None,6adf97f83acf6453d4a6a4b1070f3754,103357e3e40a9c0e4e9d36110f7bbc7a,6adf97f83acf6453d4a6a4b1070f3754,6adf97f83acf6453d4a6a4b1070f3754
None,Timor-Leste,None,None,6adf97f83acf6453d4a6a4b1070f3754,0a25bbf25b60f1908597d7d60e26696e,6adf97f83acf6453d4a6a4b1070f3754,6adf97f83acf6453d4a6a4b1070f3754
None,Togo,None,None,6adf97f83acf6453d4a6a4b1070f3754,1e746c5c85c4c0de3a0858b0dd047476,6adf97f83acf6453d4a6a4b1070f3754,6adf97f83acf6453d4a6a4b1070f3754
None,Tonga,None,None,6adf97f83acf6453d4a6a4b1070f3754,dd5cb49bc56af9d53f9f9e1e5b425ab0,6adf97f83acf6453d4a6a4b1070f3754,6adf97f83acf6453d4a6a4b1070f3754
None,Trinidad and Tobago,None,None,6adf97f83acf6453d4a6a4b1070f3754,63965a52775c39cd64c3ef0248d585b1,6adf97f83acf6453d4a6a4b1070f3754,6adf97f83acf6453d4a6a4b1070f3754
None,Tunisia,None,None,6adf97f83acf6453d4a6a4b1070f3754,d6dacba23ab4a1d5b72f223bfb010a05,6adf97f83acf6453d4a6a4b1070f3754,6adf97f83acf6453d4a6a4b1070f3754
None,Turkey,None,None,6adf97f83acf6453d4a6a4b1070f3754,221cdfb73049678e244380b45872cbb2,6adf97f83acf6453d4a6a4b1070f3754,6adf97f83acf6453d4a6a4b1070f3754
None,Turkmenistan,None,None,6adf97f83acf6453d4a6a4b1070f3754,f5d993d8e89c037d614ec8dc2559e4b7,6adf97f83acf6453d4a6a4b1070f3754,6adf97f83acf6453d4a6a4b1070f3754
None,Turks and Caicos Islands,None,None,6adf97f83acf6453d4a6a4b1070f3754,be741c06c32a1f9d444e9607a126832d,6adf97f83acf6453d4a6a4b1070f3754,6adf97f83acf6453d4a6a4b1070f3754
None,Tuvalu,None,None,6adf97f83acf6453d4a6a4b1070f3754,4e18c1e699d8abc3422d67f2ff82c56b,6adf97f83acf6453d4a6a4b1070f3754,6adf97f83acf6453d4a6a4b1070f3754
None,Uganda,None,None,6adf97f83acf6453d4a6a4b1070f3754,53b3c88ea00c4f0e137b4e6fe7bd23f1,6adf97f83acf6453d4a6a4b1070f3754,6adf97f83acf6453d4a6a4b1070f3754
None,Ukraine,None,None,6adf97f83acf6453d4a6a4b1070f3754,f01fc92b23faa973f3492a23d5a705c5,6adf97f83acf6453d4a6a4b1070f3754,6adf97f83acf6453d4a6a4b1070f3754
None,United Arab Emirates,None,None,6adf97f83acf6453d4a6a4b1070f3754,8f6f28f0d2061af28bcf49d1725b2cbd,6adf97f83acf6453d4a6a4b1070f3754,6adf97f83acf6453d4a6a4b1070f3754
None,United Kingdom,None,None,6adf97f83acf6453d4a6a4b1070f3754,89f9c9f489be2a83cf57e53b9197d288,6adf97f83acf6453d4a6a4b1070f3754,6adf97f83acf6453d4a6a4b1070f3754
None,United States,None,None,6adf97f83acf6453d4a6a4b1070f3754,f253efe302d32ab264a76e0ce65be769,6adf97f83acf6453d4a6a4b1070f3754,6adf97f83acf6453d4a6a4b1070f3754
None,Uruguay,None,None,6adf97f83acf6453d4a6a4b1070f3754,75497a22409db78dcc52c291e078bc10,6adf97f83acf6453d4a6a4b1070f3754,6adf97f83acf6453d4a6a4b1070f3754
None,Uzbekistan,None,None,6adf97f83acf6453d4a6a4b1070f3754,a0a3e881895e46eb96218f0988d405b9,6adf97f83acf6453d4a6a4b1070f3754,6adf97f83acf6453d4a6a4b1070f3754
None,Vanuatu,None,None,6adf97f83acf6453d4a6a4b1070f3754,fe07e488fe56260f45240c1c8a8882a8,6adf97f83acf6453d4a6a4b1070f3754,6adf97f83acf6453d4a6a4b1070f3754
None,Venezuela,None,None,6adf97f83acf6453d4a6a4b1070f3754,e95294b730f61c8175550ec244bfcb50,6adf97f83acf6453d4a6a4b1070f3754,6adf97f83acf6453d4a6a4b1070f3754
None,Vietnam,None,None,6adf97f83acf6453d4a6a4b1070f3754,fdef6daa799e80dbce1b561577b21181,6adf97f83acf6453d4a6a4b1070f3754,6adf97f83acf6453d4a6a4b1070f3754
None,Western Sahara,None,None,6adf97f83acf6453d4a6a4b1070f3754,1bdb61bdbf5bc9a2cdc5db037ab610e0,6adf97f83acf6453d4a6a4b1070f3754,6adf97f83acf6453d4a6a4b1070f3754
None,Yemen,None,None,6adf97f83acf6453d4a6a4b1070f3754,724bf4ca11a567636547a92a37e397b7,6adf97f83acf6453d4a6a4b1070f3754,6adf97f83acf6453d4a6a4b1070f3754
None,Zambia,None,None,6adf97f83acf6453d4a6a4b1070f3754,b0aa0804e676a38255af4fd70236af7c,6adf97f83acf6453d4a6a4b1070f3754,6adf97f83acf6453d4a6a4b1070f3754
None,Zimbabwe,None,None,6adf97f83acf6453d4a6a4b1070f3754,9d5116a2451bc98c2b46b93acbc1b4f0,6adf97f83acf6453d4a6a4b1070f3754,6adf97f83acf6453d4a6a4b1070f3754
